File Name,Attributes
duck1.jpg,"[“white”, “beak”, “eye”]"
duck2.jpg,"[“white”, “beak”, “leg”, “wing”, “eye”]"
duck3.jpg,"[“white”, “beak”, “leg”, “wing”, “eye”]"
duck4.jpg,"[“white”, “beak”, “legs”, “eye”]"
duck5.jpg,"[“white”, “beak”, “eye”]"
duck6.jpg,"[“green”, “beak”, “legs”, “wing”, “eye”]"
duck7.jpg,"[“green”, “beak”, “legs”, “wing”, “eye”]"
duck8.jpg,"[“green”, “beak”, “legs”, “wing”, “eye”]"
duck9.jpg,"[“green”, “beak”, “legs”, “wing”, “eye”]"
duck10.jpg,"[“white”, “beak”, “legs”, “eye”]"
duck11.jpg,"[“beige”, “beak”, “legs”, “eye”]"
duck12.jpg,"[“white”, “beak”, “legs”, “eye”]"
duck13.jpg,"[“white”, “beak”, “eye”]"
duck14.jpg,"[“green”, “beak”, “eye”]"
duck15.jpg,"[“green”, “beak”, “legs”, “wing”, “eye”]"
duck16.jpg,"[“yellow”, “beak”, “legs”, “wing”, “eye”]"
duck17.jpg,"[“yellow”, “beak”, “legs”, “wing”, “eye”]"
duck18.jpg,"[“yellow”, “beak”, “leg”, “eye”]"
duck19.jpg,"[“green”, “beak”, “eye”]"
duck20.jpg,"[“grey”, “beak”, “leg”, “eye”]"
duck21.jpg,"[“black”, “beak”, “eye”]"
duck22.jpg,"[“green”, “beak”, “eye”]"
duck23.jpg,"[“white”, “beak”, “eye”]"
duck24.jpg,"[“black”, “beak”, “legs”, “wing”, “eye”]"
duck25.jpg,"[“black”, “beak”, “legs”, “wings”, “eye”]"
duck26.jpg,"[“green”, “beak”, “legs”, “wings”, “eye”]"
duck27.jpg,"[“brown”, “beak”, “legs”, “wings”, “eye”]"
duck28.jpg,"[“green”, “beak”, “legs”, “wings”, “eye”]"
duck29.jpg,"[“green”, “beak”, “wing”, “eye”]"
duck30.jpg,"[“beige”, “beak”, “wing”, “eye”]"
duck31.jpg,"[“beige”, “beak”, “eye”]"
duck32.jpg,"[“beige”, “beak”, “wing”, “eye”]"
duck33.jpg,"[“green”, “beak”, “legs”, “wings”, “eye”]"
duck34.jpg,"[“green”, “beak”, “leg”, “wings”, “eye”]"
duck35.jpg,"[“white”, “beak”, “legs”, “wings”, “eye”]"
duck36.jpg,"[“grey”, “beak”, “wings”, “eye”]"
duck37.jpg,"[“green”, “beak”, “legs”, “wings”, “eye”]"
duck38.jpg,"[“green”, “beak”, “legs”, “wings”, “eye”]"
duck39.jpg,"[“white”, “beak”, “eye”, “tongue”]"
duck40.jpg,"[“white”, “beak”, “eye”, “tongue”]"
duck41.jpg,"[“black”, “beak”, “eye”]"
duck42.jpg,"[“black”, “beak”, “wings”, “eye”]"
duck43.jpg,"[“black”, “beak”, “eye”]"
duck44.jpg,"[“green”, “beak”, “legs”, “wing”, “eye”]"
duck45.jpg,"[“green”, “beak”, “legs”, “wing”, “eye”]"
duck46.jpg,"[“black”, “beak”, “wing”, “eye”]"
duck47.jpg,"[“green”, “beak”, “legs”, “wing”, “eye”]"
duck48.jpg,"[“grey”, “beak”, “legs”, “wing”, “eye”]"
duck49.jpg,"[“white”, “beak”, “wing”, “eye”]"
duck50.jpg,"[“white”, “beak”, “legs”, “wing”, “eye”]"
duck51.jpg,"[“red”, “beak”, “eye”]"
duck52.jpg,"[“red”, “beak”, “eye”]"
duck53.jpg,"[“red”, “beak”, “eye”]"
duck54.jpg,"[“white”, “beak”, “eye”]"
duck55.jpg,"[“yellow”, “beak”, “legs”, “eye”]"
duck56.jpg,"[“brown”, “beak”, “leg”, “wings”, “eye”]"
duck57.jpg,"[“brown”, “beak”, “legs”, “wings”, “eye”]"
duck58.jpg,"[“brown”, “beak”, “leg”, “wings”, “eye”]"
duck59.jpg,"[“brown”, “beak”, “wings”, “eye”]"
duck60.jpg,"[“white”, “beak”, “legs”, “eye”]"
duck61.jpg,"[“white”, “beak”, “legs”, “eye”]"
duck62.jpg,"[“white”, “beak”, “leg”, “eye”]"
duck63.jpg,"[“white”, “beak”, “eye”]"
duck64.jpg,"[“white”, “beak”, “eye”]"
duck65.jpg,"[“white”, “beak”, “eye”]"
duck66.jpg,"[“white”, “beak”, “eye”]"
duck67.jpg,"[“brown”, “beak”, “legs”, “eye”]"
duck68.jpg,"[“brown”, “beak”, “eye”]"
duck69.jpg,"[“brown”, “beak”, “legs”, “eye”]"
duck70.jpg,"[“brown”, “beak”, “eye”]"
duck71.jpg,"[“brown”, “beak”, “legs”, “eye”]"
duck72.jpg,"[“yellow”, “beak”, “eye”]"
duck73.jpg,"[“brown”, “beak”, “legs”, “eye”]"
duck74.jpg,"[“green”, “beak”, “eye”]"
duck75.jpg,"[“beige”, “beak”, “wings”, “eye”]"
duck76.jpg,"[“beige”, “beak”, “legs”, “eye”]"
duck77.jpg,"[“white”, “beak”, “legs”, “eye”]"
duck78.jpg,"[“brown”, “beak”, “legs”, “eye”]"
duck79.jpg,"[“brown”, “beak”, “legs”, “eye”]"
duck80.jpg,"[“beige”, “beak”, “legs”, “eye”]"
duck81.jpg,"[“brown”, “beak”, “eyes”]"
duck82.jpg,"[“yellow”, “beak”, “eye”]"
duck83.jpg,"[“brown”, “beak”, “eye”]"
duck84.jpg,"[“beige”, “beak”, “legs”, “wing”, “eye”]"
duck85.jpg,"[“beige”, “beak”, “legs”, “wing”, “eye”]"
duck86.jpg,"[“beige”, “beak”, “eye”]"
duck87.jpg,"[“beige”, “beak”, “legs”, “wings”, “eye”]"
duck88.jpg,"[“beige”, “beak”, “legs”, “wings”, “eye”]"
duck89.jpg,"[“brown”, “beak”, “eye”]"
duck90.jpg,"[“brown”, “beak”, “legs”, “eye”]"
duck91.jpg,"[“brown”, “beak”, “legs”, “eye”]"
duck92.jpg,"[“brown”, “beak”, “legs”, “eye”]"
duck93.jpg,"[“grey”, “beak”, “legs”, “eye”]"
duck94.jpg,"[“white”, “beak”, “eye”]"
duck95.jpg,"[“beige”, “beak”, “eye”]"
duck96.jpg,"[“white”, “beak”, “eye”]"
duck97.jpg,"[“brown”, “beak”, “legs”, “eye”]"
duck98.jpg,"[“brown”, “beak”, “eye”]"
duck99.jpg,"[“brown”, “beak”, “legs”, “eye”]"
duck100.jpg,"[“beige”, “beak”, “legs”, “eye”]"
duck101.jpg,"[“beige”, “beak”, “legs”, “eye”]"
duck102.jpg,"[“brown”, “beak”, “eye”]"
duck103.jpg,"[“brown”, “beak”, “legs”, “wings”, “eye”]"
duck104.jpg,"[“brown”, “beak”, “leg”, “wing”, “eye”]"
duck105.jpg,"[“brown”, “beak”, “leg”, “eye”]"
duck106.jpg,"[“grey”, “beak”, “legs”, “eye”]"
duck107.jpg,"[“black”, “beak”, “legs”, “wing”, “eye”]"
duck108.jpg,"[“brown”, “beak”, “legs”, “eye”]"
duck109.jpg,"[“brown”, “beak”, “legs”, “eye”]"
duck110.jpg,"[“black”, “beak”, “leg”, “eye”]"
duck111.jpg,"[“black”, “beak”, “eye”]"
duck112.jpg,"[“brown”, “beak”, “eye”]"
duck113.jpg,"[“grey”, “beak”, “eye”]"
duck114.jpg,"[“grey”, “beak”, “eye”]"
duck115.jpg,"[“brown”, “beak”, “eye”]"
duck116.jpg,"[“white”, “beak”, “eye”]"
duck117.jpg,"[“white”, “beak”, “eye”]"
duck118.jpg,"[“white”, “beak”, “eye”]"
duck119.jpg,"[“white”, “beak”, “eye”]"
duck120.jpg,"[“white”, “beak”, “eye”]"
duck121.jpg,"[“white”, “beak”, “eye”]"
duck122.jpg,"[“white”, “beak”, “leg”, “wings”, “eye”]"
duck123.jpg,"[“white”, “beak”, “eye”]"
duck124.jpg,"[“white”, “beak”, “eye”]"
duck125.jpg,"[“white”, “beak”, “leg”, “wings”, “eye”]"
duck126.jpg,"[“black”, “beak”, “eye”]"
duck127.jpg,"[“black”, “beak”, “eye”]"
duck128.jpg,"[“black”, “beak”, “eye”]"
duck129.jpg,"[“black”, “beak”, “eye”]"
duck130.jpg,"[“black”, “beak”, “eye”]"
duck131.jpg,"[“green”, “beak”, “eye”]"
duck132.jpg,"[“white”, “beak”, “legs”, “eye”]"
duck133.jpg,"[“brown”, “beak”, “eye”]"
duck134.jpg,"[“brown”, “beak”, “eye”]"
duck135.jpg,"[“brown”, “beak”, “eye”]"
duck136.jpg,"[“beige”, “beak”, “eye”]"
duck137.jpg,"[“brown”, “beak”, “leg”, “eye”]"
duck138.jpg,"[“brown”, “beak”, “legs”, “eye”]"
duck139.jpg,"[“brown”, “beak”, “wings”, “eye”]"
duck140.jpg,"[“beige”, “beak”, “leg”, “wings”, “eye”]"
duck141.jpg,"[“brown”, “beak”, “eye”]"
duck142.jpg,"[“brown”, “beak”, “legs”, “eye”]"
duck143.jpg,"[“black”, “beak”, “eye”]"
duck144.jpg,"[“black”, “beak”, “eye”, “tongue”]"
duck145.jpg,"[“black”, “beak”, “eye”]"
duck146.jpg,"[“black”, “beak”, “leg”, “eye”]"
duck147.jpg,"[“black”, “beak”, “eye”]"
duck148.jpg,"[“yellow”, “beak”, “eye”]"
duck149.jpg,"[“yellow”, “beak”, “eye”]"
duck150.jpg,"[“white”, “beak”, “legs”, “eye”]"
duck151.jpg,"[“beige”, “beak”, “eye”]"
duck152.jpg,"[“green”, “beak”, “eye”]"
duck153.jpg,"[“beige”, “beak”, “eye”]"
duck154.jpg,"[“beige”, “beak”, “eye”]"
duck155.jpg,"[“beige”, “beak”, “legs”, “eye”]"
duck156.jpg,"[“grey”, “beak”, “legs”, “eye”]"
duck157.jpg,"[“beige”, “beak”, “eye”]"
duck158.jpg,"[“green”, “beak”, “eye”]"
duck159.jpg,"[“white”, “beak”, “legs”, “eye”]"
duck160.jpg,"[“green”, “beak”, “eye”]"
duck161.jpg,"[“beige”, “beak”, “eye”]"
duck162.jpg,"[“brown”, “beak”, “eye”]"
duck163.jpg,"[“beige”, “beak”, “eye”]"
duck164.jpg,"[“beige”, “beak”, “eye”]"
duck165.jpg,"[“beige”, “beak”, “eye”]"
duck166.jpg,"[“beige”, “beak”, “legs”, “eye”]"
duck167.jpg,"[“beige”, “beak”, “eye”]"
duck168.jpg,"[“brown”, “beak”, “eye”]"
duck169.jpg,"[“grey”, “beak”, “legs”, “eye”]"
duck170.jpg,"[“beige”, “beak”, “legs”, “eye”]"
duck171.jpg,"[“grey”, “beak”, “legs”, “eye”]"
duck172.jpg,"[“white”, “beak”, “legs”, “eye”]"
duck173.jpg,"[“white”, “beak”, “eye”]"
duck174.jpg,"[“white”, “beak”, “legs”, “eye”]"
duck175.jpg,"[“white”, “beak”, “eye”]"
duck176.jpg,"[“brown”, “beak”, “legs”, “eye”]"
duck177.jpg,"[“brown”, “beak”, “legs”, “eye”]"
duck178.jpg,"[“beige”, “beak”, “legs”, “eye”]"
duck179.jpg,"[“beige”, “beak”, “legs”, “eye”]"
duck180.jpg,"[“beige”, “beak”, “eye”]"
duck181.jpg,"[“white”, “beak”, “eye”]"
duck182.jpg,"[“beige”, “beak”, “legs”, “wing”, “eye”]"
duck183.jpg,"[“beige”, “beak”, “legs”, “wing”, “eye”]"
duck184.jpg,"[“beige”, “beak”, “legs”, “wing”, “eye”]"
duck185.jpg,"[“beige”, “beak”, “legs”, “wing”, “eye”]"
duck186.jpg,"[“beige”, “beak”, “eye”]"
duck187.jpg,"[“beige”, “beak”, “wing”, “eye”]"
duck188.jpg,"[“black”, “beak”, “eye”]"
duck189.jpg,"[“grey”, “beak”, “legs”, “eye”]"
duck190.jpg,"[“grey”, “beak”, “legs”, “eye”]"
duck191.jpg,"[“white”, “beak”, “eyes”]"
duck192.jpg,"[“white”, “beak”, “eye”]"
duck193.jpg,"[“beige”, “beak”, “legs”, “eye”]"
duck194.jpg,"[“white”, “beak”, “eye”]"
duck195.jpg,"[“white”, “beak”, “eye”]"
duck196.jpg,"[“white”, “beak”, “eye”]"
duck197.jpg,"[“white”, “beak”, “eye”]"
duck198.jpg,"[“white”, “beak”, “eye”]"
duck199.jpg,"[“white”, “beak”, “eye”]"
duck200.jpg,"[“white”, “beak”, “eye”]"
eagle1.jpg,"[“white”, “beak”, “legs”, “wings”, “eye”]"
eagle2.jpg,"[“black”, “beak”, “legs”, “wings”, “eye”]"
eagle3.jpg,"[“white”, “beak”, “eye”]"
eagle4.jpg,"[“brown”, “beak”, “eye”]"
eagle5.jpg,"[“white”, “beak”, “eyes”]"
eagle6.jpg,"[“brown”, “beak”, “legs”, “wings”, “eye”]"
eagle7.jpg,"[“black”, “beak”, “legs”, “wings”, “eye”]"
eagle8.jpg,"[“grey”, “beak”, “legs”, “wings”, “eye”]"
eagle9.jpg,"[“brown”, “beak”, “legs”, “wings”, “eye”]"
eagle10.jpg,"[“grey”, “beak”, “wings”, “eye”]"
eagle11.jpg,"[“brown”, “beak”, “legs”, “wings”, “eye”]"
eagle12.jpg,"[“brown”, “beak”, “legs”, “wings”, “eye”]"
eagle13.jpg,"[“brown”, “beak”, “wings”, “eyes”]"
eagle14.jpg,"[“brown”, “beak”, “legs”, “wings”, “eye”]"
eagle15.jpg,"[“brown”, “beak”, “eye”]"
eagle16.jpg,"[“brown”, “beak”, “wing”, “eye”]"
eagle17.jpg,"[“brown”, “beak”, “legs”, “wings”, “eye”]"
eagle18.jpg,"[“brown”, “beak”, “eye”]"
eagle19.jpg,"[“beige”, “beak”, “wings”, “eye”]"
eagle20.jpg,"[“brown”, “beak”, “eye”]"
eagle21.jpg,"[“brown”, “beak”, “legs”, “wing”, “eye”]"
eagle22.jpg,"[“grey”, “beak”, “legs”, “eye”]"
eagle23.jpg,"[“black”, “beak”, “wings”, “eye”]"
eagle24.jpg,"[“brown”, “beak”, “wings”, “eye”]"
eagle25.jpg,"[“brown”, “beak”, “wing”, “eye”]"
eagle26.jpg,"[“brown”, “beak”, “eyes”]"
eagle27.jpg,"[“brown”, “beak”, “eyes”]"
eagle28.jpg,"[“brown”, “beak”, “wings”, “eye”]"
eagle29.jpg,"[“brown”, “beak”, “eye”]"
eagle30.jpg,"[“brown”, “beak”, “eye”]"
eagle31.jpg,"[“white”, “beak”, “eye”]"
eagle32.jpg,"[“white”, “beak”, “eye”]"
eagle33.jpg,"[“white”, “beak”, “legs”, “wings”, “eye”]"
eagle34.jpg,"[“brown”, “beak”, “legs”, “wings”, “eye”]"
eagle35.jpg,"[“grey”, “beak”, “legs”, “wings”, “eye”]"
eagle36.jpg,"[“black”, “beak”, “legs”, “wings”, “eye”]"
eagle37.jpg,"[“brown”, “beak”, “legs”, “wing”, “eye”]"
eagle38.jpg,"[“white”, “beak”, “legs”, “wing”, “eye”]"
eagle39.jpg,"[“black”, “beak”, “legs”, “wings”, “eye”]"
eagle40.jpg,"[“grey”, “beak”, “eye”]"
eagle41.jpg,"[“white”, “beak”, “eyes”]"
eagle42.jpg,"[“brown”, “beak”, “eyes”]"
eagle43.jpg,"[“brown”, “beak”, “legs”, “wings”, “eye”]"
eagle44.jpg,"[“brown”, “beak”, “eye”]"
eagle45.jpg,"[“brown”, “beak”, “wing”, “eye”]"
eagle46.jpg,"[“brown”, “beak”, “legs”, “wings”, “eyes”]"
eagle47.jpg,"[“brown”, “beak”, “legs”, “wing”, “eye”]"
eagle48.jpg,"[“brown”, “beak”, “legs”, “wings”, “eye”]"
eagle49.jpg,"[“black”, “beak”, “legs”, “wings”, “eye”]"
eagle50.jpg,"[“black”, “beak”, “legs”, “wings”, “eye”]"
eagle51.jpg,"[“brown”, “beak”, “wing”, “eye”]"
eagle52.jpg,"[“brown”, “beak”, “wing”, “eyes”]"
eagle53.jpg,"[“brown”, “beak”, “eye”]"
eagle54.jpg,"[“brown”, “beak”, “eyes”]"
eagle55.jpg,"[“brown”, “beak”, “eyes”]"
eagle56.jpg,"[“brown”, “beak”, “eye”]"
eagle57.jpg,"[“brown”, “beak”, “eye”]"
eagle58.jpg,"[“white”, “beak”, “wing”, “eye”]"
eagle59.jpg,"[“white”, “beak”, “eye”]"
eagle60.jpg,"[“white”, “beak”, “eye”]"
eagle61.jpg,"[“brown”, “beak”, “eye”]"
eagle62.jpg,"[“brown”, “beak”, “wing”, “eye”]"
eagle63.jpg,"[“white”, “beak”, “eye”]"
eagle64.jpg,"[“brown”, “beak”, “legs”, “wings”, “eye”]"
eagle65.jpg,"[“white”, “beak”, “eye”]"
eagle66.jpg,"[“white”, “beak”, “eye”, “tongue”]"
eagle67.jpg,"[“brown”, “beak”, “eye”]"
eagle68.jpg,"[“brown”, “beak”, “eye”]"
eagle69.jpg,"[“brown”, “beak”, “eye”]"
eagle70.jpg,"[“brown”, “beak”, “eye”]"
eagle71.jpg,"[“brown”, “beak”, “eye”]"
eagle72.jpg,"[“brown”, “beak”, “eye”]"
eagle73.jpg,"[“brown”, “beak”, “eye”]"
eagle74.jpg,"[“brown”, “beak”, “legs”, “wing”, “eye”]"
eagle75.jpg,"[“brown”, “beak”, “eyes”]"
eagle76.jpg,"[“brown”, “beak”, “eye”]"
eagle77.jpg,"[“brown”, “beak”, “wing”, “eye”]"
eagle78.jpg,"[“white”, “beak”, “eye”]"
eagle79.jpg,"[“brown”, “beak”, “legs”, “wings”, “eyes”]"
eagle80.jpg,"[“white”, “beak”, “eye”]"
eagle81.jpg,"[“brown”, “beak”, “eye”, “tongue”]"
eagle82.jpg,"[“white”, “beak”, “eye”]"
eagle83.jpg,"[“white”, “beak”, “eye”, “tongue”]"
eagle84.jpg,"[“white”, “beak”, “eye”]"
eagle85.jpg,"[“white”, “beak”, “eye”]"
eagle86.jpg,"[“white”, “beak”, “eye”]"
eagle87.jpg,"[“white”, “beak”, “eye”]"
eagle88.jpg,"[“white”, “beak”, “eye”]"
eagle89.jpg,"[“white”, “beak”, “eye”]"
eagle90.jpg,"[“white”, “beak”, “eye”, “tongue”]"
eagle91.jpg,"[“grey”, “beak”, “eye”]"
eagle92.jpg,"[“brown”, “beak”, “wing”, “eyes”]"
eagle93.jpg,"[“brown”, “beak”, “eye”]"
eagle94.jpg,"[“grey”, “beak”, “wing”,  “eye”]"
eagle95.jpg,"[“grey”, “beak”, “eye”]"
eagle96.jpg,"[“grey”, “beak”, “eyes”]"
eagle97.jpg,"[“brown”, “beak”, “wings”, “legs”, “eye”]"
eagle98.jpg,"[“brown”, “beak”, “wings”, “legs”]"
eagle99.jpg,"[“brown”, “beak”, “eye”]"
eagle100.jpg,"[“brown”, “beak”, “eye”]"
eagle101.jpg,"[“brown”, “beak”, “wings”, “legs”, “eye”]"
eagle102.jpg,"[“brown”, “beak”, “wing”, “legs”, “eye”]"
eagle103.jpg,"[“brown”, “beak”, “legs”, “eye”]"
eagle104.jpg,"[“brown”, “beak”, “wing”, “legs”, “eyes”]"
eagle105.jpg,"[“brown”, “beak”, “wing”, “legs”, “eye”]"
eagle106.jpg,"[“grey”, “beak”, “wing”, “legs”, “eye”]"
eagle107.jpg,"[“grey”, “beak”, “wings”, “legs”, “eyes”]"
eagle108.jpg,"[“grey”, “beak”, “wings”, “legs”, “eye”]"
eagle109.jpg,"[“brown”, “beak”, “wings”, “legs”, “eye”]"
eagle110.jpg,"[“brown”, “beak”, “wing”, “legs”, “eyes”]"
eagle111.jpg,"[“grey”, “beak”, “wing”, “legs”, “eye”]"
eagle112.jpg,"[“grey”, “beak”, “wing”, “leg”, “eye”]"
eagle113.jpg,"[“brown”, “beak”, “wings”, “legs”, “eye”]"
eagle114.jpg,"[“grey”, “beak”, “eyes”]"
eagle115.jpg,"[“brown”, “beak”, “wing”, “eye”]"
eagle116.jpg,"[“brown”, “beak”, “legs”, “wings”, “eye”]"
eagle117.jpg,"[“brown”, “beak”, “legs”, “wing”, “eye”]"
eagle118.jpg,"[“beige”, “beak”, “legs”, “wings”, “eye”]"
eagle119.jpg,"[“beige”, “beak”, “wing”, “eye”]"
eagle120.jpg,"[“beige”, “beak”, “wing”, “eyes”]"
eagle121.jpg,"[“beige”, “beak”, “wing”, “eye”]"
eagle122.jpg,"[“beige”, “beak”, “wing”, “eye”]"
eagle123.jpg,"[“beige”, “beak”, “legs”, “wing”, “eye”]"
eagle124.jpg,"[“beige”, “beak”, “wing”, “eye”]"
eagle125.jpg,"[“beige”, “beak”, “wings”, “eyes”]"
eagle126.jpg,"[“beige”, “beak”, “legs”, “wings”, “eye”]"
eagle127.jpg,"[“white”, “beak”, “wings”, “eye”]"
eagle128.jpg,"[“white”, “beak”, “eye”, “tongue”]"
eagle129.jpg,"[“grey”, “beak”, “eyes”]"
eagle130.jpg,"[“white”, “beak”, “wing”, “eye”]"
eagle131.jpg,"[“brown”, “beak”, “eye”]"
eagle132.jpg,"[“brown”, “beak”, “wings”, “eye”]"
eagle133.jpg,"[“brown”, “beak”, “legs”, “wings”, “eye”]"
eagle134.jpg,"[“brown”, “beak”, “wing”, “eye”]"
eagle135.jpg,"[“white”, “beak”, “eyes”]"
eagle136.jpg,"[“brown”, “beak”, “eye”]"
eagle137.jpg,"[“brown”, “beak”, “eyes”]"
eagle138.jpg,"[“brown”, “beak”, “legs”, “wings”, “eye”]"
eagle139.jpg,"[“black”, “beak”, “legs”, “eye”]"
eagle140.jpg,"[“black”, “beak”, “legs”, “wing”, “eye”]"
eagle141.jpg,"[“black”, “beak”, “legs”, “wings”, “eye”]"
eagle142.jpg,"[“black”, “beak”, “legs”, “wing”, “eye”]"
eagle143.jpg,"[“black”, “beak”, “wing”, “eye”]"
eagle144.jpg,"[“black”, “beak”, “wing”, “eye”]"
eagle145.jpg,"[“brown”, “beak”, “wings”, “legs”, “eye”]"
eagle146.jpg,"[“brown”, “beak”, “wings”, “legs”, “eye”]"
eagle147.jpg,"[“brown”, “beak”, “wings”, “legs”, “eye”]"
eagle148.jpg,"[“brown”, “beak”, “wings”, “eye”]"
eagle149.jpg,"[“brown”, “beak”, “eye”]"
eagle150.jpg,"[“brown”, “beak”, “eye”]"
eagle151.jpg,"[“brown”, “beak”, “wings”, “legs”, “eyes”]"
eagle152.jpg,"[“brown”, “beak”, “wings”, “legs”, “eyes”]"
eagle153.jpg,"[“brown”, “beak”, “wings”, “legs”, “eye”]"
eagle154.jpg,"[“brown”, “beak”, “wings”, “legs”, “eye”]"
eagle155.jpg,"[“brown”, “beak”, “wings”, “legs”, “eye”]"
eagle156.jpg,"[“brown”, “beak”, “wings”, “legs”, “eye”]"
eagle157.jpg,"[“brown”, “beak”, “wings”, “legs”, “eye”]"
eagle158.jpg,"[“brown”, “beak”, “wings”, “legs”, “eye”]"
eagle159.jpg,"[“brown”, “beak”, “wings”, “legs”, “eye”]"
eagle160.jpg,"[“brown”, “beak”, “wings”, “legs”, “eye”]"
eagle161.jpg,"[“brown”, “beak”, “wings”, “legs”, “eye”]"
eagle162.jpg,"[“brown”, “beak”, “wings”, “legs”, “eye”]"
eagle163.jpg,"[“brown”, “beak”, “wings”, “legs”, “eye”]"
eagle164.jpg,"[“brown”, “beak”, “wings”, “legs”, “eye”]"
eagle165.jpg,"[“brown”, “beak”, “wings”, “legs”, “eye”]"
eagle166.jpg,"[“brown”, “beak”, “wings”, “legs”, “eye”]"
eagle167.jpg,"[“beige”, “beak”, “wings”, “legs”, “eye”]"
eagle168.jpg,"[“brown”, “beak”, “wings”, “legs”, “eye”]"
eagle169.jpg,"[“brown”, “beak”, “wings”, “legs”, “eye”]"
eagle170.jpg,"[“brown”, “beak”, “wings”, “legs”, “eye”]"
eagle171.jpg,"[“brown”, “beak”, “wings”, “legs”, “eye”]"
eagle172.jpg,"[“brown”, “beak”, “wings”, “legs”, “eye”]"
eagle173.jpg,"[“beige”, “beak”, “wings”, “eye”]"
eagle174.jpg,"[“brown”, “beak”, “wings”, “leg”, “eye”]"
eagle175.jpg,"[“brown”, “beak”, “wings”, “legs”, “eye”]"
eagle176.jpg,"[“brown”, “beak”, “wings”, “legs”, “eye”]"
eagle177.jpg,"[“brown”, “beak”, “wings”, “legs”, “eye”]"
eagle178.jpg,"[“brown”, “beak”, “wings”, “eye”]"
eagle179.jpg,"[“brown”, “beak”, “leg”, “eye”]"
eagle180.jpg,"[“brown”, “beak”, “wings”, “legs”, “eye”]"
eagle181.jpg,"[“brown”, “beak”, “wings”, “legs”, “eye”]"
eagle182.jpg,"[“brown”, “beak”, “wings”, “legs”, “eye”]"
eagle183.jpg,"[“brown”, “beak”, “wings”, “legs”, “eye”]"
eagle184.jpg,"[“brown”, “beak”, “wings”, “legs”, “eye”]"
eagle185.jpg,"[“brown”, “beak”, “wings”, “legs”, “eye”]"
eagle186.jpg,"[“brown”, “beak”, “wings”, “legs”, “eye”]"
eagle187.jpg,"[“white”, “beak”, “eye”]"
eagle188.jpg,"[“white”, “beak”, “eye”]"
eagle189.jpg,"[“white”, “beak”, “eye”]"
eagle190.jpg,"[“white”, “beak”, “eye”]"
eagle191.jpg,"[“white”, “beak”, “tongue”, “eye”]"
eagle192.jpg,"[“white”, “beak”, “eye”]"
eagle193.jpg,"[“white”, “beak”, “eye”]"
eagle194.jpg,"[“white”, “beak”, “eye”]"
eagle195.jpg,"[“brown”, “beak”, “wings”, “eye”]"
eagle196.jpg,"[“brown”, “beak”, “wings”, “legs”, “eye”]"
eagle197.jpg,"[“brown”, “beak”, “wings”, “legs”, “eye”]"
eagle198.jpg,"[“brown”, “beak”, “wings”, “legs”, “eye”]"
eagle199.jpg,"[“brown”, “beak”, “wings”, “legs”, “eye”]"
eagle200.jpg,"[“brown”, “beak”, “wings”, “legs”, “eye”]"
hawk1.jpg,"[“beige”, “beak”, “legs”, “wing”, “eye”]"
hawk2.jpg,"[“beige”, “beak”, “legs”, “wings”, “eye”]"
hawk3.jpg,"[“beige”, “beak”, “eye”]"
hawk4.jpg,"[“grey”, “beak”, “eye”]"
hawk5.jpg,"[“beige”, “beak”, “eye”]"
hawk6.jpg,"[“beige”, “beak”, “wings”, “eye”]"
hawk7.jpg,"[“beige”, “beak”, “legs”, “wings”, “eye”]"
hawk8.jpg,"[“beige”, “beak”, “legs”, “wings”, “eye”]"
hawk9.jpg,"[“white”, “beak”, “legs”, “wings”, “eye”]"
hawk10.jpg,"[“white”, “beak”, “legs”, “wings”, “eye”]"
hawk11.jpg,"[“beige”, “beak”, “eye”]"
hawk12.jpg,"[“beige”, “beak”, “legs”, “wings”, “eye”]"
hawk13.jpg,"[“beige”, “beak”, “legs”, “wing”, “eye”]"
hawk14.jpg,"[“brown”, “beak”, “legs”, “wing”, “eye”]"
hawk15.jpg,"[“beige”, “beak”, “legs”, “wings”, “eye”]"
hawk16.jpg,"[“grey”, “beak”, “legs”, “wings”, “eye”]"
hawk17.jpg,"[“grey”, “beak”, “legs”, “wings”, “eye”]"
hawk18.jpg,"[“grey”, “beak”, “legs”, “wings”, “eye”]"
hawk19.jpg,"[“brown”, “beak”, “eye”]"
hawk20.jpg,"[“white”, “beak”, “legs”, “wing”, “eye”]"
hawk21.jpg,"[“beige”, “beak”, “legs”, “wings”, “eye”]"
hawk22.jpg,"[“beige”, “beak”, “legs”, “wings”, “eye”]"
hawk23.jpg,"[“grey”, “beak”, “legs”, “eye”]"
hawk24.jpg,"[“beige”, “beak”, “wings”, “eye”]"
hawk25.jpg,"[“beige”, “beak”, “wings”, “eyes”]"
hawk26.jpg,"[“beige”, “beak”, “eye”]"
hawk27.jpg,"[“beige”, “beak”, “eye”, “tongue”]"
hawk28.jpg,"[“grey”, “beak”, “wings”, “eye”]"
hawk29.jpg,"[“brown”, “beak”, “legs”, “wings”, “eye”]"
hawk30.jpg,"[“brown”, “beak”, “legs”, “wings”, “eyes”]"
hawk31.jpg,"[“beige”, “beak”, “eye”]"
hawk32.jpg,"[“beige”, “beak”, “legs”, “wings”, “eye”]"
hawk33.jpg,"[“brown”, “beak”, “legs”, “wing”, “eye”]"
hawk34.jpg,"[“brown”, “beak”, “eye”]"
hawk35.jpg,"[“brown”, “beak”, “eye”]"
hawk36.jpg,"[“brown”, “beak”, “eyes”]"
hawk37.jpg,"[“brown”, “beak”, “eyes”]"
hawk38.jpg,"[“brown”, “beak”, “eye”]"
hawk39.jpg,"[“brown”, “beak”, “eyes”]"
hawk40.jpg,"[“brown”, “beak”, “eye”]"
hawk41.jpg,"[“grey”, “beak”, “eye”]"
hawk42.jpg,"[“grey”, “beak”, “legs”, “wings”, “eyes”]"
hawk43.jpg,"[“grey”, “beak”, “eyes”]"
hawk44.jpg,"[“beige”, “beak”, “wings”, “eye”]"
hawk45.jpg,"[“grey”, “beak”, “eye”]"
hawk46.jpg,"[“grey”, “beak”, “eye”]"
hawk47.jpg,"[“brown”, “beak”, “eye”]"
hawk48.jpg,"[“beige”, “beak”, “wings”, “legs”, “eyes”]"
hawk49.jpg,"[“brown”, “beak”, “wing”, “eye”]"
hawk50.jpg,"[“brown”, “beak”, “wing”, “eyes”]"
hawk51.jpg,"[“brown”, “beak”, “eye”]"
hawk52.jpg,"[“brown”, “beak”, “eye”]"
hawk53.jpg,"[“beige”, “beak”, “eye”]"
hawk54.jpg,"[“grey”, “beak”, “wings”, “eye”]"
hawk55.jpg,"[“grey”, “beak”, “wings”, “legs”, “eye”]"
hawk56.jpg,"[“grey”, “beak”, “wings”, “legs”, “eye”]"
hawk57.jpg,"[“brown”, “beak”, “legs”, “eye”]"
hawk58.jpg,"[“beige”, “beak”, “legs”, “eye”]"
hawk59.jpg,"[“brown”, “beak”, “legs”, “eye”]"
hawk60.jpg,"[“brown”, “beak”, “eye”]"
hawk61.jpg,"[“brown”, “beak”, “legs”, “eyes”]"
hawk62.jpg,"[“brown”, “beak”, “eye”]"
hawk63.jpg,"[“brown”, “beak”, “eye”]"
hawk64.jpg,"[“beige”, “beak”, “eye”]"
hawk65.jpg,"[“brown”, “beak”, “legs”, “eye”]"
hawk66.jpg,"[“brown”, “beak”, “eye”]"
hawk67.jpg,"[“beige”, “beak”, “eye”]"
hawk68.jpg,"[“grey”, “beak”, “eye”]"
hawk69.jpg,"[“beige”, “beak”, “eye”]"
hawk70.jpg,"[“beige”, “beak”, “eye”]"
hawk71.jpg,"[“beige”, “beak”, “wing”, “eye”]"
hawk72.jpg,"[“white”, “beak”, “legs”, “wing”, “eye”]"
hawk73.jpg,"[“beige”, “beak”, “legs”, “wing”, “eye”]"
hawk74.jpg,"[“white”, “beak”, “leg”, “wings”, “eye”]"
hawk75.jpg,"[“brown”, “beak”, “legs”, “eye”]"
hawk76.jpg,"[“brown”, “beak”, “legs”, “eyes”]"
hawk77.jpg,"[“brown”, “beak”, “legs”, “eye”]"
hawk78.jpg,"[“brown”, “beak”, “leg”, “eye”]"
hawk79.jpg,"[“brown”, “beak”, “legs”, “eyes”]"
hawk80.jpg,"[“brown”, “beak”, “legs”, “eye”]"
hawk81.jpg,"[“brown”, “beak”, “legs”, “eye”]"
hawk82.jpg,"[“brown”, “beak”, “legs”, “eye”]"
hawk83.jpg,"[“brown”, “beak”, “legs”, “eyes”]"
hawk84.jpg,"[“brown”, “beak”, “eye”]"
hawk85.jpg,"[“brown”, “beak”, “eye”]"
hawk86.jpg,"[“beige”, “beak”, “eye”]"
hawk87.jpg,"[“beige”, “beak”, “eye”]"
hawk88.jpg,"[“beige”, “beak”, “eye”]"
hawk89.jpg,"[“beige”, “beak”, “eye”]"
hawk90.jpg,"[“grey”, “beak”, “eye”]"
hawk91.jpg,"[“brown”, “beak”, “eye”]"
hawk92.jpg,"[“brown”, “beak”, “eye”]"
hawk93.jpg,"[“brown”, “beak”, “eye”]"
hawk94.jpg,"[“beige”, “beak”, “legs”, “wings”, “eye”]"
hawk95.jpg,"[“beige”, “beak”, “legs”, “wings”, “eye”]"
hawk96.jpg,"[“beige”, “beak”, “legs”, “wings”, “eye”]"
hawk97.jpg,"[“beige”, “beak”, “legs”, “wings”, “eye”]"
hawk98.jpg,"[“beige”, “beak”, “legs”, “wings”, “eye”]"
hawk99.jpg,"[“beige”, “beak”, “eye”]"
hawk100.jpg,"[“beige”, “beak”, “legs”, “wing”, “eye”]"
hawk101.jpg,"[“brown”, “beak”, “legs”, “eye”]"
hawk102.jpg,"[“brown”, “beak”, “legs”, “eye”]"
hawk103.jpg,"[“brown”, “beak”, “wings”, “eye”]"
hawk104.jpg,"[“beige”, “beak”, “wings”, “legs”, “eye”]"
hawk105.jpg,"[“brown”, “beak”, “legs”, “eye”]"
hawk106.jpg,"[“brown”, “beak”, “eye”]"
hawk107.jpg,"[“brown”, “beak”, “eye”]"
hawk108.jpg,"[“brown”, “beak”, “eye”]"
hawk109.jpg,"[“brown”, “beak”, “eye”]"
hawk110.jpg,"[“grey”, “beak”, “wing”, “eye”]"
hawk111.jpg,"[“white”, “beak”, “legs”, “wings”, “eyes”]"
hawk112.jpg,"[“beige”, “beak”, “wings”, “eye”]"
hawk113.jpg,"[“beige”, “beak”, “wings”, “eye”]"
hawk114.jpg,"[“brown”, “beak”, “eye”]"
hawk115.jpg,"[“brown”, “beak”, “eye”]"
hawk116.jpg,"[“brown”, “beak”, “eye”]"
hawk117.jpg,"[“beige”, “beak”, “eye”]"
hawk118.jpg,"[“brown”, “beak”, “eye”]"
hawk119.jpg,"[“black”, “beak”, “legs”, “wings”, “eye”]"
hawk120.jpg,"[“black”, “beak”, “legs”, “wings”, “eye”]"
hawk121.jpg,"[“beige”, “beak”, “eyes”]"
hawk122.jpg,"[“beige”, “beak”, “eye”]"
hawk123.jpg,"[“beige”, “beak”, “eyes”]"
hawk124.jpg,"[“beige”, “beak”, “eye”]"
hawk125.jpg,"[“beige”, “beak”, “legs”, “wings”, “eyes”]"
hawk126.jpg,"[“beige”, “beak”, “eye”]"
hawk127.jpg,"[“brown”, “beak”, “eye”]"
hawk128.jpg,"[“white”, “beak”, “legs”, “wings”, “eye”]"
hawk129.jpg,"[“white”, “beak”, “legs”, “wings”, “eye”]"
hawk130.jpg,"[“brown”, “beak”, “legs”, “eye”]"
hawk131.jpg,"[“brown”, “beak”, “wings”, “eye”]"
hawk132.jpg,"[“brown”, “beak”, “wings”, “eye”]"
hawk133.jpg,"[“brown”, “beak”, “wings”, “eye”]"
hawk134.jpg,"[“brown”, “beak”, “wings”, “eye”]"
hawk135.jpg,"[“beige”, “beak”, “eye”]"
hawk136.jpg,"[“brown”, “beak”, “eye”]"
hawk137.jpg,"[“beige”, “beak”, “leg”, “eye”]"
hawk138.jpg,"[“beige”, “beak”, “legs”, “eye”]"
hawk139.jpg,"[“brown”, “beak”, “legs”, “eye”]"
hawk140.jpg,"[“brown”, “beak”, “legs”, “eye”]"
hawk141.jpg,"[“brown”, “beak”, “legs”, “eye”]"
hawk142.jpg,"[“brown”, “beak”, “legs”, “eye”]"
hawk143.jpg,"[“brown”, “beak”, “legs”, “eye”]"
hawk144.jpg,"[“brown”, “beak”, “eye”]"
hawk145.jpg,"[“grey”, “beak”, “legs”, “eye”]"
hawk146.jpg,"[“brown”, “beak”, “legs”, “eye”]"
hawk147.jpg,"[“grey”, “beak”, “legs”, “wings”, “eye”]"
hawk148.jpg,"[“brown”, “beak”, “legs”, “eye”]"
hawk149.jpg,"[“grey”, “beak”, “legs”, “wings”, “eye”]"
hawk150.jpg,"[“beige”, “beak”, “legs”, “wings”, “eye”]"
hawk151.jpg,"[“beige”, “beak”, “eyes”]"
hawk152.jpg,"[“beige”, “beak”, “eyes”]"
hawk153.jpg,"[“beige”, “beak”, “eyes”]"
hawk154.jpg,"[“beige”, “beak”, “eyes”]"
hawk155.jpg,"[“beige”, “beak”, “eye”]"
hawk156.jpg,"[“brown”, “beak”, “eye”]"
hawk157.jpg,"[“brown”, “beak”, “eye”]"
hawk158.jpg,"[“brown”, “beak”, “eye”]"
hawk159.jpg,"[“brown”, “beak”, “eye”]"
hawk160.jpg,"[“brown”, “beak”, “eye”]"
hawk161.jpg,"[“brown”, “beak”, “eye”]"
hawk162.jpg,"[“brown”, “beak”, “tongue”, “eye”]"
hawk163.jpg,"[“brown”, “beak”, “eye”]"
hawk164.jpg,"[“brown”, “beak”, “eyes”]"
hawk165.jpg,"[“beige”, “beak”, “eye”]"
hawk166.jpg,"[“brown”, “beak”, “eye”]"
hawk167.jpg,"[“grey”, “beak”, “legs”, “wings”, “eye”]"
hawk168.jpg,"[“beige”, “beak”, “legs”, “eye”]"
hawk169.jpg,"[“beige”, “beak”, “legs”, “eye”]"
hawk170.jpg,"[“beige”, “beak”, “eyes”]"
hawk171.jpg,"[“brown”, “beak”, “eye”]"
hawk172.jpg,"[“brown”, “beak”, “eye”]"
hawk173.jpg,"[“beige”, “beak”, “eye”]"
hawk174.jpg,"[“beige”, “beak”, “legs”, “eye”]"
hawk175.jpg,"[“beige”, “beak”, “legs”, “eye”]"
hawk176.jpg,"[“beige”, “beak”, “eye”]"
hawk177.jpg,"[“beige”, “beak”, “eye”]"
hawk178.jpg,"[“grey”, “beak”, “leg”, “eyes”]"
hawk179.jpg,"[“brown”, “beak”, “eye”]"
hawk180.jpg,"[“beige”, “beak”, “legs”, “eye”]"
hawk181.jpg,"[“beige”, “beak”, “eye”]"
hawk182.jpg,"[“brown”, “beak”, “legs”, “eye”]"
hawk183.jpg,"[“grey”, “beak”, “legs”, “eye”]"
hawk184.jpg,"[“brown”, “beak”, “eye”]"
hawk185.jpg,"[“beige”, “beak”, “eye”]"
hawk186.jpg,"[“beige”, “beak”, “legs”, “eye”]"
hawk187.jpg,"[“brown”, “beak”, “eyes”]"
hawk188.jpg,"[“beige”, “beak”, “tongue”, “eye”]"
hawk189.jpg,"[“beige”, “beak”, “eyes”]"
hawk190.jpg,"[“beige”, “beak”, “eyes”]"
hawk191.jpg,"[“beige”, “beak”, “eye”]"
hawk192.jpg,"[“beige”, “beak”, “eyes”]"
hawk193.jpg,"[“beige”, “beak”, “eyes”]"
hawk194.jpg,"[“brown”, “beak”, “legs”, “eye”]"
hawk195.jpg,"[“brown”, “beak”, “eye”]"
hawk196.jpg,"[“beige”, “beak”, “eye”]"
hawk197.jpg,"[“brown”, “beak”, “eye”]"
hawk198.jpg,"[“beige”, “beak”, “eye”]"
hawk199.jpg,"[“beige”, “beak”, “legs”, “eye”]"
hawk200.jpg,"[“brown”, “beak”, “eye”]"
parrot1.jpg,"[“green”, “beak”, “legs”, “wing”, “eye”]"
parrot2.jpg,"[“red”, “beak”, “legs”, “wing”, “eye”]"
parrot3.jpg,"[“red”, “beak”, “eye”]"
parrot4.jpg,"[“red”, “beak”, “legs”, “wings”, “eye”]"
parrot5.jpg,"[“red”, “beak”, “legs”, “wing”, “eye”]"
parrot6.jpg,"[“blue”, “beak”, “eye”]"
parrot7.jpg,"[“blue”, “beak”, “eye”]"
parrot8.jpg,"[“green”, “beak”, “legs”, “wing”, “eye”]"
parrot9.jpg,"[“green”, “beak”, “legs”, “wing”, “eye”]"
parrot10.jpg,"[“yellow”, “beak”, “wings”, “eye”]"
parrot11.jpg,"[“red”, “beak”, “eye”]"
parrot12.jpg,"[“green”, “beak”, “legs”, “wing”, “eye”]"
parrot13.jpg,"[“green”, “beak”, “tongue”, “eye”]"
parrot14.jpg,"[“green”, “beak”, “tongue”, “eye”]"
parrot15.jpg,"[“green”, “beak”, “leg”, “eye”]"
parrot16.jpg,"[“green”, “beak”, “legs”, “wing”, “eye”]"
parrot17.jpg,"[“yellow”, “beak”, “legs”, “wing”, “eye”]"
parrot18.jpg,"[“yellow”, “beak”, “legs”, “wing”, “eye”]"
parrot19.jpg,"[“yellow”, “beak”, “legs”, “wing”, “eye”]"
parrot20.jpg,"[“yellow”, “beak”, “legs”, “wings”, “eye”]"
parrot21.jpg,"[“yellow”, “beak”, “legs”, “wings”, “eye”]"
parrot22.jpg,"[“green”, “beak”, “legs”, “wings”, “eye”]"
parrot23.jpg,"[“grey”, “beak”, “legs”, “eye”]"
parrot24.jpg,"[“grey”, “beak”, “eye”]"
parrot25.jpg,"[“grey”, “beak”, “legs”, “wing”, “eye”]"
parrot26.jpg,"[“blue”, “beak”, “leg”, “wings”, “eye”]"
parrot27.jpg,"[“yellow”, “beak”, “legs”, “wing”, “eye”]"
parrot28.jpg,"[“yellow”, “beak”, “legs”, “wing”, “eye”]"
parrot29.jpg,"[“orange”, “beak”, “leg”, “wing”, “eye”]"
parrot30.jpg,"[“orange”, “beak”, “leg”, “wings”, “eye”]"
parrot31.jpg,"[“orange”, “beak”, “wing”, “eye”]"
parrot32.jpg,"[“yellow”, “beak”, “wing”, “eye”]"
parrot33.jpg,"[“yellow”, “beak”, “wing”, “eye”]"
parrot34.jpg,"[“green”, “beak”, “legs”, “wing”, “eye”]"
parrot35.jpg,"[“green”, “beak”, “legs”, “wing”, “eye”]"
parrot36.jpg,"[“yellow”, “beak”, “legs”, “wings”, “eye”]"
parrot37.jpg,"[“green”, “beak”, “legs”, “wings”, “eye”]"
parrot38.jpg,"[“red”, “beak”, “wings”, “eye”]"
parrot39.jpg,"[“yellow”, “beak”, “wing”, “eye”]"
parrot40.jpg,"[“red”, “beak”, “wings”, “eye”]"
parrot41.jpg,"[“green”, “beak”, “wing”, “eye”]"
parrot42.jpg,"[“green”, “beak”, “wing”, “eye”]"
parrot43.jpg,"[“grey”, “beak”, “legs”, “eye”]"
parrot44.jpg,"[“green”, “beak”, “wings”, “legs”, “eye”]"
parrot45.jpg,"[“green”, “beak”, “wing”, “legs”, “eye”]"
parrot46.jpg,"[“white”, “beak”, “leg”, “eye”]"
parrot47.jpg,"[“white”, “beak”, “leg”, “eye”]"
parrot48.jpg,"[“white”, “beak”, “eye”]"
parrot49.jpg,"[“white”, “beak”, “eye”]"
parrot50.jpg,"[“grey”, “beak”, “eye”]"
parrot51.jpg,"[“green”, “beak”, “legs”, “eye”]"
parrot52.jpg,"[“green”, “beak”, “legs”, “eye”]"
parrot53.jpg,"[“green”, “beak”, “legs”, “eye”]"
parrot54.jpg,"[“green”, “beak”, “leg”, “eye”]"
parrot55.jpg,"[“green”, “beak”, “eye”]"
parrot56.jpg,"[“yellow”, “beak”, “leg”, “eye”]"
parrot57.jpg,"[“yellow”, “beak”, “leg”, “eye”]"
parrot58.jpg,"[“yellow”, “beak”, “eye”]"
parrot59.jpg,"[“yellow”, “beak”, “leg”, “eye”]"
parrot60.jpg,"[“green”, “beak”, “legs”, “eye”]"
parrot61.jpg,"[“green”, “beak”, “eye”]"
parrot62.jpg,"[“green”, “beak”, “legs”, “eye”]"
parrot63.jpg,"[“yellow”, “beak”, “legs”, “eye”]"
parrot64.jpg,"[“green”, “beak”, “legs”, “eye”]"
parrot65.jpg,"[“green”, “beak”, “eye”]"
parrot66.jpg,"[“green”, “beak”, “eye”]"
parrot67.jpg,"[“green”, “beak”, “eye”]"
parrot68.jpg,"[“green”, “beak”, “eye”]"
parrot69.jpg,"[“green”, “beak”, “eye”]"
parrot70.jpg,"[“green”, “beak”, “leg”, “eye”]"
parrot71.jpg,"[“green”, “beak”, “eye”]"
parrot72.jpg,"[“green”, “beak”, “legs”, “eye”]"
parrot73.jpg,"[“yellow”, “beak”, “legs”, “eye”]"
parrot74.jpg,"[“orange”, “beak”, “eye”]"
parrot75.jpg,"[“yellow”, “beak”, “wings”, “eye”]"
parrot76.jpg,"[“green”, “beak”, “legs”, “wings”, “eye”]"
parrot77.jpg,"[“green”, “beak”, “legs”, “wings”, “eye”]"
parrot78.jpg,"[“green”, “beak”, “wings”]"
parrot79.jpg,"[“green”, “beak”, “wings”, “eye”]"
parrot80.jpg,"[“green”, “beak”, “legs”, “wings”, “eye”]"
parrot81.jpg,"[“grey”, “beak”, “legs”, “wings”, “eye”]"
parrot82.jpg,"[“blue”, “beak”, “legs”, “wings”, “eye”]"
parrot83.jpg,"[“red”, “beak”, “legs”, “wings”, “eye”]"
parrot84.jpg,"[“green”, “beak”, “wings”, “eye”]"
parrot85.jpg,"[“grey”, “beak”, “legs”, “wings”, “eye”]"
parrot86.jpg,"[“blue”, “beak”, “wings”, “eye”]"
parrot87.jpg,"[“blue”, “beak”, “wings”, “eye”]"
parrot88.jpg,"[“yellow”, “beak”, “legs”, “wings”, “eye”]"
parrot89.jpg,"[“red”, “beak”, “legs”, “wings”, “eye”]"
parrot90.jpg,"[“green”, “beak”, “legs”, “wings”, “eye”]"
parrot91.jpg,"[“green”, “wings”]"
parrot92.jpg,"[“green”, “beak”, “legs”, “eye”]"
parrot93.jpg,"[“white”, “beak”, “legs”, “wings”, “eye”]"
parrot94.jpg,"[“red”, “beak”, “eye”]"
parrot95.jpg,"[“blue”, “beak”, “eye”]"
parrot96.jpg,"[“green”, “beak”, “legs”, “wings”, “eye”]"
parrot97.jpg,"[“yellow”, “beak”, “legs”, “wings”, “eye”]"
parrot98.jpg,"[“red”, “beak”, “eye”]"
parrot99.jpg,"[“red”, “beak”, “eye”]"
parrot100.jpg,"[“red”, “beak”, “eye”]"
parrot101.jpg,"[“red”, “beak”, “legs”, “wings”, “eye”]"
parrot102.jpg,"[“red”, “beak”, “legs”, “wings”, “eye”]"
parrot103.jpg,"[“blue”, “beak”, “legs”, “eye”]"
parrot104.jpg,"[“blue”, “beak”, “legs”, “eye”]"
parrot105.jpg,"[“blue”, “beak”, “legs”, “eye”]"
parrot106.jpg,"[“green”, “beak”, “wings”, “eye”]"
parrot107.jpg,"[“green”, “beak”, “legs”, “eye”]"
parrot108.jpg,"[“green”, “beak”, “legs”, “eye”]"
parrot109.jpg,"[“green”, “beak”, “legs”, “eye”]"
parrot110.jpg,"[“green”, “beak”, “wings”, “eye”]"
parrot111.jpg,"[“yellow”, “beak”, “legs”, “wings”, “eye”]"
parrot112.jpg,"[“yellow”, “beak”, “legs”, “wings”, “eye”]"
parrot113.jpg,"[“red”, “beak”, “legs”, “wings”, “eye”]"
parrot114.jpg,"[“yellow”, “beak”, “wings”, “eye”]"
parrot115.jpg,"[“yellow”, “beak”, “eye”]"
parrot116.jpg,"[“grey”, “beak”, “eye”]"
parrot117.jpg,"[“grey”, “beak”, “eye”]"
parrot118.jpg,"[“grey”, “beak”, “eye”]"
parrot119.jpg,"[“grey”, “beak”, “eye”]"
parrot120.jpg,"[“green”, “beak”, “eye”]"
parrot121.jpg,"[“green”, “beak”, “eye”]"
parrot122.jpg,"[“green”, “beak”, “legs”, “eye”]"
parrot123.jpg,"[“green”, “beak”, “legs”, “eye”]"
parrot124.jpg,"[“green”, “beak”, “eye”]"
parrot125.jpg,"[“yellow”, “beak”, “eye”]"
parrot126.jpg,"[“blue”, “beak”, “legs”, “eye”]"
parrot127.jpg,"[“grey”, “beak”, “legs”, “eye”]"
parrot128.jpg,"[“grey”, “beak”, “legs”, “eye”]"
parrot129.jpg,"[“white”, “beak”, “tongue”, “eye”]"
parrot130.jpg,"[“blue”, “beak”, “legs”, “tongue”, “eye”]"
parrot131.jpg,"[“green”, “beak”, “eye”]"
parrot132.jpg,"[“white”, “beak”, “legs”, “tongue”, “eye”]"
parrot133.jpg,"[“red”, “beak”, “eye”]"
parrot134.jpg,"[“green”, “beak”, “eye”]"
parrot135.jpg,"[“yellow”, “beak”, “leg”, “eye”]"
parrot136.jpg,"[“red”, “beak”, “eye”]"
parrot137.jpg,"[“red”, “beak”, “eye”]"
parrot138.jpg,"[“red”, “beak”, “eye”]"
parrot139.jpg,"[“red”, “beak”, “eye”]"
parrot140.jpg,"[“red”, “beak”, “eye”]"
parrot141.jpg,"[“blue”, “beak”, “eye”]"
parrot142.jpg,"[“blue”, “beak”, “eye”]"
parrot143.jpg,"[“yellow”, “beak”, “eye”]"
parrot144.jpg,"[“green”, “beak”, “eye”]"
parrot145.jpg,"[“green”, “beak”, “eye”]"
parrot146.jpg,"[“green”, “beak”, “eye”]"
parrot147.jpg,"[“green”, “beak”, “tongue”, “eye”]"
parrot148.jpg,"[“green”, “beak”, “eye”]"
parrot149.jpg,"[“green”, “beak”, “eye”]"
parrot150.jpg,"[“yellow”, “beak”, “tongue”, “eye”]"
parrot151.jpg,"[“red”, “beak”, “legs”, “eye”]"
parrot152.jpg,"[“green”, “beak”, “leg”, “eye”]"
parrot153.jpg,"[“red”, “beak”, “eye”]"
parrot154.jpg,"[“green”, “beak”, “legs”, “eye”]"
parrot155.jpg,"[“red”, “beak”, “eye”]"
parrot156.jpg,"[“blue”, “beak”, “eye”]"
parrot157.jpg,"[“red”, “beak”, “legs”, “eye”]"
parrot158.jpg,"[“blue”, “beak”, “leg”, “eye”]"
parrot159.jpg,"[“grey”, “beak”, “legs”, “eye”]"
parrot160.jpg,"[“grey”, “beak”, “leg”, “eye”]"
parrot161.jpg,"[“green”, “beak”, “legs”, “eye”]"
parrot162.jpg,"[“grey”, “beak”, “legs”, “eye”]"
parrot163.jpg,"[“red”, “beak”, “eye”]"
parrot164.jpg,"[“yellow”, “beak”, “legs”, “eye”]"
parrot165.jpg,"[“grey”, “beak”, “leg”, “eye”]"
parrot166.jpg,"[“green”, “beak”, “eye”]"
parrot167.jpg,"[“green”, “beak”, “eye”]"
parrot168.jpg,"[“green”, “beak”, “eye”]"
parrot169.jpg,"[“red”, “beak”, “eye”]"
parrot170.jpg,"[“green”, “beak”, “eye”]"
parrot171.jpg,"[“gray”, “beak”, “eye”]"
parrot172.jpg,"[“gray”, “beak”, “eye”]"
parrot173.jpg,"[“gray”, “beak”, “eye”]"
parrot174.jpg,"[“gray”, “beak”, “leg”, “eye”]"
parrot175.jpg,"[“gray”, “beak”, “legs”, “eye”]"
parrot176.jpg,"[“blue”, “beak”, “eye”]"
parrot177.jpg,"[“orange”, “beak”, “legs”, “eye”]"
parrot178.jpg,"[“green”, “beak”, “eye”]"
parrot179.jpg,"[“green”, “beak”, “eye”]"
parrot180.jpg,"[“blue”, “beak”, “eye”]"
parrot181.jpg,"[“green”, “beak”, “eye”]"
parrot182.jpg,"[“red”, “beak”, “eye”]"
parrot183.jpg,"[“red”, “beak”, “eye”]"
parrot184.jpg,"[“red”, “beak”, “eye”]"
parrot185.jpg,"[“red”, “beak”, “eye”]"
parrot186.jpg,"[“red”, “beak”, “eye”]"
parrot187.jpg,"[“red”, “beak”, “tongue”, “eye”]"
parrot188.jpg,"[“red”, “beak”, “eye”]"
parrot189.jpg,"[“blue”, “beak”, “eye”]"
parrot190.jpg,"[“red”, “beak”, “eye”]"
parrot191.jpg,"[“yellow”, “beak”, “eye”]"
parrot192.jpg,"[“gray”, “beak”, “eye”]"
parrot193.jpg,"[“blue”, “beak”, “eye”]"
parrot194.jpg,"[“red”, “beak”, “eye”]"
parrot195.jpg,"[“red”, “beak”, “eye”]"
parrot196.jpg,"[“green”, “beak”, “eye”]"
parrot197.jpg,"[“green”, “beak”, “eye”]"
parrot198.jpg,"[“red”, “beak”, “eye”]"
parrot199.jpg,"[“green”, “beak”, “eye”]"
parrot200.jpg,"[“blue”, “beak”, “eyes”]"
sparrow1.jpg,"[“beige”, “beak”, “leg”, “eye”]"
sparrow2.jpg,"[“beige”, “beak”, “legs”, “wing”, “eye”]"
sparrow3.jpg,"[“beige”, “beak”, “leg”, “eye”]"
sparrow4.jpg,"[“beige”, “beak”, “legs”, “eye”]"
sparrow5.jpg,"[“beige”, “beak”, “leg”, “eye”]"
sparrow6.jpg,"[“beige”, “beak”, “wings”, “eye”]"
sparrow7.jpg,"[“beige”, “beak”, “legs”, “wings”, “eye”]"
sparrow8.jpg,"[“beige”, “beak”, “eye”]"
sparrow9.jpg,"[“black”, “beak”, “legs”, “eye”]"
sparrow10.jpg,"[“grey”, “beak”, “wings”, “legs”, “eye”]"
sparrow11.jpg,"[“beige”, “beak”, “wings”, “legs”, “eye”]"
sparrow12.jpg,"[“grey”, “beak”, “wings”, “legs”, “eye”]"
sparrow13.jpg,"[“beige”, “beak”, “wings”, “legs”, “eye”]"
sparrow14.jpg,"[“white”, “beak”, “wing”, “legs”, “eye”]"
sparrow15.jpg,"[“beige”, “beak”, “wings”, “eye”]"
sparrow16.jpg,"[“beige”, “beak”, “wings”, “legs”, “eye”]"
sparrow17.jpg,"[“beige”, “beak”, “wings”, “legs”, “eyes”]"
sparrow18.jpg,"[“grey”, “beak”, “wings”, “legs”, “eye”]"
sparrow19.jpg,"[“grey”, “beak”, “wings”, “legs”, “eye”]"
sparrow20.jpg,"[“beige”, “beak”, “wings”, “legs”, “eye”]"
sparrow21.jpg,"[“blue”, “beak”, “wings”, “legs”, “eye”]"
sparrow22.jpg,"[“blue”, “beak”, “wings”, “legs”, “eye”]"
sparrow23.jpg,"[“blue”, “beak”, “wing”, “legs”, “eye”]"
sparrow24.jpg,"[“grey”, “beak”, “legs”, “eye”]"
sparrow25.jpg,"[“grey”, “beak”, “legs”, “eye”]"
sparrow26.jpg,"[“grey”, “beak”, “leg”, “eye”]"
sparrow27.jpg,"[“beige”, “beak”, “legs”, “eye”]"
sparrow28.jpg,"[“beige”, “beak”, “legs”, “eye”]"
sparrow29.jpg,"[“black”, “beak”, “legs”, “eye”]"
sparrow30.jpg,"[“black”, “beak”, “wing”, “legs”, “eye”]"
sparrow31.jpg,"[“yellow”, “beak”, “legs”, “eye”]"
sparrow32.jpg,"[“black”, “beak”, “legs”, “eye”]"
sparrow33.jpg,"[“grey”, “beak”, “legs”, “eye”]"
sparrow34.jpg,"[“black”, “beak”, “legs”, “eye”]"
sparrow35.jpg,"[“beige”, “beak”, “legs”, “eye”]"
sparrow36.jpg,"[“grey”, “beak”, “legs”, “eye”]"
sparrow37.jpg,"[“grey”, “beak”, “leg”, “eye”]"
sparrow38.jpg,"[“beige”, “beak”, “leg”, “eye”]"
sparrow39.jpg,"[“grey”, “beak”, “leg”, “eye”]"
sparrow40.jpg,"[“grey”, “beak”, “legs”, “eye”]"
sparrow41.jpg,"[“beige”, “beak”, “legs”, “wings”, “eye”]"
sparrow42.jpg,"[“beige”, “beak”, “leg”, “wings”, “eye”]"
sparrow43.jpg,"[“beige”, “beak”, “legs”, “wings”]"
sparrow44.jpg,"[“beige”, “beak”, “legs”, “wings”, “eye”]"
sparrow45.jpg,"[“grey”, “beak”, “legs”, “wings”, “eye”]"
sparrow46.jpg,"[“beige”, “beak”, “legs”, “wings”, “eye”]"
sparrow47.jpg,"[“beige”, “beak”, “legs”, “wings”, “eye”]"
sparrow48.jpg,"[“beige”, “beak”, “legs”, “wings”, “eye”]"
sparrow49.jpg,"[“beige”, “beak”, “leg”, “eye”]"
sparrow50.jpg,"[“beige”, “beak”, “legs”, “eye”]"
sparrow51.jpg,"[“grey”, “beak”, “legs”, “eye”]"
sparrow52.jpg,"[“grey”, “beak”, “legs”, “eye”]"
sparrow53.jpg,"[“beige”, “beak”, “legs”, “eye”]"
sparrow54.jpg,"[“grey”, “beak”, “legs”, “eye”]"
sparrow55.jpg,"[“grey”, “beak”, “legs”, “eye”]"
sparrow56.jpg,"[“beige”, “beak”, “legs”, “eye”]"
sparrow57.jpg,"[“beige”, “beak”, “legs”, “eye”]"
sparrow58.jpg,"[“beige”, “beak”, “legs”, “eye”]"
sparrow59.jpg,"[“beige”, “beak”, “legs”, “eye”]"
sparrow60.jpg,"[“beige”, “beak”, “legs”, “eye”]"
sparrow61.jpg,"[“beige”, “beak”, “legs”, “eye”]"
sparrow62.jpg,"[“beige”, “beak”, “eye”]"
sparrow63.jpg,"[“beige”, “beak”, “eye”]"
sparrow64.jpg,"[“beige”, “beak”, “eye”]"
sparrow65.jpg,"[“beige”, “beak”, “eye”]"
sparrow66.jpg,"[“beige”, “beak”, “eye”]"
sparrow67.jpg,"[“beige”, “beak”, “legs”, “eye”]"
sparrow68.jpg,"[“beige”, “beak”, “legs”, “eye”]"
sparrow69.jpg,"[“beige”, “beak”, “legs”, “eye”]"
sparrow70.jpg,"[“orange”, “beak”, “legs”, “eye”]"
sparrow71.jpg,"[“beige”, “beak”, “legs”, “eye”]"
sparrow72.jpg,"[“brown”, “beak”, “legs”, “eye”]"
sparrow73.jpg,"[“beige”, “beak”, “legs”, “eye”]"
sparrow74.jpg,"[“beige”, “beak”, “eye”]"
sparrow75.jpg,"[“beige”, “beak”, “legs”, “eye”]"
sparrow76.jpg,"[“beige”, “beak”, “legs”, “eye”]"
sparrow77.jpg,"[“beige”, “beak”, “legs”, “eye”]"
sparrow78.jpg,"[“beige”, “beak”, “legs”, “eye”]"
sparrow79.jpg,"[“beige”, “beak”, “legs”, “eye”]"
sparrow80.jpg,"[“beige”, “beak”, “legs”, “eye”]"
sparrow81.jpg,"[“beige”, “beak”, “legs”, “wings”, “eye”]"
sparrow82.jpg,"[“beige”, “beak”, “legs”, “wings”, “eye”]"
sparrow83.jpg,"[“beige”, “beak”, “wings”, “eye”]"
sparrow84.jpg,"[“beige”, “beak”, “legs”, “wings”, “eye”]"
sparrow85.jpg,"[“beige”, “beak”, “legs”, “wings”, “eye”]"
sparrow86.jpg,"[“beige”, “beak”, “legs”, “wings”, “eye”]"
sparrow87.jpg,"[“beige”, “beak”, “legs”, “eye”]"
sparrow88.jpg,"[“beige”, “beak”, “wings”, “eye”]"
sparrow89.jpg,"[“beige”, “beak”, “legs”, “wings”, “eye”]"
sparrow90.jpg,"[“brown”, “beak”, “legs”, “wings”, “eye”]"
sparrow91.jpg,"[“brown”, “beak”, “wings”, “eye”]"
sparrow92.jpg,"[“beige”, “beak”, “legs”, “wings”, “eye”]"
sparrow93.jpg,"[“beige”, “beak”, “legs”, “wings”, “eye”]"
sparrow94.jpg,"[“grey”, “beak”, “legs”, “wings”, “eye”]"
sparrow95.jpg,"[“beige”, “beak”, “legs”, “wings”, “eye”]"
sparrow96.jpg,"[“grey”, “beak”, “legs”, “wings”, “eye”]"
sparrow97.jpg,"[“grey”, “beak”, “legs”, “wings”, “eye”]"
sparrow98.jpg,"[“grey”, “beak”, “legs”, “wings”, “eye”]"
sparrow99.jpg,"[“grey”, “beak”, “legs”, “wings”, “eye”]"
sparrow100.jpg,"[“grey”, “beak”, “legs”, “wings”, “eye”]"
sparrow101.jpg,"[“yellow”, “beak”, “legs”, “wings”, “eye”]"
sparrow102.jpg,"[“yellow”, “beak”, “legs”, “wings”, “eye”]"
sparrow103.jpg,"[“beige”, “beak”, “legs”, “wings”, “eye”]"
sparrow104.jpg,"[“beige”, “beak”, “legs”, “wings”]"
sparrow105.jpg,"[“beige”, “beak”, “legs”, “wings”, “eye”]"
sparrow106.jpg,"[“beige”, “beak”, “legs”, “wings”, “eye”]"
sparrow107.jpg,"[“beige”, “beak”, “legs”, “wings”, “eye”]"
sparrow108.jpg,"[“grey”, “beak”, “legs”, “wings”, “eye”]"
sparrow109.jpg,"[“beige”, “beak”, “legs”, “wings”, “eye”]"
sparrow110.jpg,"[“beige”, “beak”, “legs”, “wings”, “eye”]"
sparrow111.jpg,"[“beige”, “beak”, “legs”, “eye”]"
sparrow112.jpg,"[“beige”, “beak”, “legs”, “eye”]"
sparrow113.jpg,"[“beige”, “beak”, “legs”, “eye”]"
sparrow114.jpg,"[“beige”, “beak”, “legs”, “eye”]"
sparrow115.jpg,"[“beige”, “beak”, “legs”, “eye”]"
sparrow116.jpg,"[“beige”, “beak”, “legs”, “eye”]"
sparrow117.jpg,"[“beige”, “beak”, “legs”, “eye”]"
sparrow118.jpg,"[“beige”, “beak”, “legs”, “eye”]"
sparrow119.jpg,"[“brown”, “beak”, “eye”]"
sparrow120.jpg,"[“beige”, “beak”, “eye”]"
sparrow121.jpg,"[“beige”, “beak”, “eye”]"
sparrow122.jpg,"[“beige”, “beak”, “legs”, “eye”]"
sparrow123.jpg,"[“beige”, “beak”, “eye”]"
sparrow124.jpg,"[“brown”, “beak”, “eye”]"
sparrow125.jpg,"[“grey”, “beak”, “eye”]"
sparrow126.jpg,"[“beige”, “beak”, “eye”]"
sparrow127.jpg,"[“beige”, “beak”, “legs”, “eye”]"
sparrow128.jpg,"[“beige”, “beak”, “legs”, “eye”]"
sparrow129.jpg,"[“beige”, “beak”, “legs”, “eye”]"
sparrow130.jpg,"[“grey”, “beak”, “eye”]"
sparrow131.jpg,"[“grey”, “beak”, “eye”]"
sparrow132.jpg,"[“beige”, “beak”, “eye”]"
sparrow133.jpg,"[“beige”, “beak”, “eye”]"
sparrow134.jpg,"[“beige”, “beak”, “eye”]"
sparrow135.jpg,"[“beige”, “beak”, “legs”, “eye”]"
sparrow136.jpg,"[“beige”, “beak”, “eye”]"
sparrow137.jpg,"[“beige”, “beak”, “eye”]"
sparrow138.jpg,"[“beige”, “beak”, “legs”, “eye”]"
sparrow139.jpg,"[“beige”, “beak”, “legs”, “eye”]"
sparrow140.jpg,"[“beige”, “beak”, “legs”, “eye”]"
sparrow141.jpg,"[“beige”, “beak”, “legs”, “eye”]"
sparrow142.jpg,"[“beige”, “beak”, “legs”, “eye”]"
sparrow143.jpg,"[“beige”, “beak”, “eye”]"
sparrow144.jpg,"[“brown”, “beak”, “legs”, “eye”]"
sparrow145.jpg,"[“brown”, “beak”, “legs”, “eye”]"
sparrow146.jpg,"[“grey”, “beak”, “legs”, “eye”]"
sparrow147.jpg,"[“beige”, “beak”, “legs”, “eye”]"
sparrow148.jpg,"[“beige”, “beak”, “legs”, “eye”]"
sparrow149.jpg,"[“beige”, “beak”, “legs”, “eye”]"
sparrow150.jpg,"[“grey”, “beak”, “legs”, “eye”]"
sparrow151.jpg,"[“grey”, “beak”, “legs”, “eye”]"
sparrow152.jpg,"[“beige”, “beak”, “legs”, “eye”]"
sparrow153.jpg,"[“beige”, “beak”, “legs”, “eye”]"
sparrow154.jpg,"[“beige”, “beak”, “legs”, “eye”]"
sparrow155.jpg,"[“beige”, “beak”, “legs”, “eye”]"
sparrow156.jpg,"[“grey”, “beak”, “legs”, “eye”]"
sparrow157.jpg,"[“beige”, “beak”, “eye”]"
sparrow158.jpg,"[“beige”, “beak”, “legs”, “eye”]"
sparrow159.jpg,"[“brown”, “beak”, “leg”, “eye”]"
sparrow160.jpg,"[“beige”, “beak”, “legs”, “eye”]"
sparrow161.jpg,"[“beige”, “beak”, “legs”, “eye”]"
sparrow162.jpg,"[“beige”, “beak”, “legs”, “eye”]"
sparrow163.jpg,"[“beige”, “beak”, “legs”, “eye”]"
sparrow164.jpg,"[“beige”, “beak”, “legs”, “eyes”]"
sparrow165.jpg,"[“grey”, “beak”, “legs”, “eye”]"
sparrow166.jpg,"[“beige”, “beak”, “legs”, “eye”]"
sparrow167.jpg,"[“beige”, “beak”, “legs”, “eye”]"
sparrow168.jpg,"[“beige”, “beak”, “legs”, “eye”]"
sparrow169.jpg,"[“grey”, “beak”, “legs”, “eye”]"
sparrow170.jpg,"[“brown”, “beak”, “legs”, “eye”]"
sparrow171.jpg,"[“beige”, “beak”, “legs”, “eye”]"
sparrow172.jpg,"[“beige”, “beak”, “legs”, “eye”]"
sparrow173.jpg,"[“beige”, “beak”, “legs”, “eye”]"
sparrow174.jpg,"[“grey”, “beak”, “legs”, “eye”]"
sparrow175.jpg,"[“beige”, “beak”, “legs”, “eye”]"
sparrow176.jpg,"[“beige”, “beak”, “legs”, “eye”]"
sparrow177.jpg,"[“beige”, “beak”, “legs”, “eye”]"
sparrow178.jpg,"[“black”, “beak”, “legs”, “eye”]"
sparrow179.jpg,"[“brown”, “beak”, “legs”, “eye”]"
sparrow180.jpg,"[“beige”, “beak”, “leg”, “eye”]"
sparrow181.jpg,"[“beige”, “beak”, “legs”, “eye”]"
sparrow182.jpg,"[“beige”, “beak”, “legs”, “eye”]"
sparrow183.jpg,"[“grey”, “beak”, “legs”, “eye”]"
sparrow184.jpg,"[“beige”, “beak”, “legs”, “eye”]"
sparrow185.jpg,"[“beige”, “beak”, “eye”]"
sparrow186.jpg,"[“beige”, “beak”, “legs”, “eye”]"
sparrow187.jpg,"[“beige”, “beak”, “legs”, “eye”]"
sparrow188.jpg,"[“beige”, “beak”, “eye”]"
sparrow189.jpg,"[“beige”, “beak”, “legs”, “eye”]"
sparrow190.jpg,"[“grey”, “beak”, “legs”, “eye”]"
sparrow191.jpg,"[“beige”, “beak”, “legs”, “eye”]"
sparrow192.jpg,"[“beige”, “beak”, “legs”, “eye”]"
sparrow193.jpg,"[“beige”, “beak”, “legs”, “eye”]"
sparrow194.jpg,"[“beige”, “beak”, “legs”, “eye”]"
sparrow195.jpg,"[“grey”, “beak”, “leg”, “eye”]"
sparrow196.jpg,"[“grey”, “beak”, “legs”, “eye”]"
sparrow197.jpg,"[“beige”, “beak”, “legs”, “eye”]"
sparrow198.jpg,"[“beige”, “beak”, “legs”, “eye”]"
sparrow199.jpg,"[“beige”, “beak”, “legs”, “eye”]"
sparrow200.jpg,"[“beige”, “beak”, “legs”, “eye”]"
